"CU ID","Interfaz","Actor","Módulo","Submódulo","Caso de Uso (Op. Simple)","Entidades del Dominio","Precondiciones","Postcondiciones","Flujo principal","Flujos alternativos / excepciones","Dependencias CU","Puntos CU","Reglas de negocio","Plataforma"
"CU-001","Panel de Administración","Administrador","Seguridad","Roles","Consultar roles","rol","Administrador autenticado","Lista de roles con detalles visualizados","1. Administrador inicia sesión 2. Selecciona Panel de Administración 3. Abre menú Configuración → Roles 4. Sistema carga listado completo de roles disponibles 5. Muestra para cada rol: nombre, descripción y estado","1. No hay roles registrados: mostrar 'No hay roles. Contacte administrador' 2. Error conexión BD: mostrar 'Error al cargar roles. Intente nuevamente' 3. Sin permisos de acceso: mostrar 'No tiene permisos para consultar roles'","Ninguna","2","Mínimo 1 rol administrativo obligatorio; Listado es de solo lectura; Roles válidos: Administrador, Director, Asistente","Web"
"CU-002","Panel de Administración","Administrador","Seguridad","Usuarios","Crear usuario","usuario, rol","Administrador autenticado","Usuario creado con rol asignado","1. Administrador abre Panel Administración → Usuarios → Nuevo 2. Completa formulario: Nombre, Apellido, Tipo Documento, Número documento (valida NO duplicado), Email (valida NO duplicado), Teléfono, Contraseña 3. Selecciona Rol de lista desplegable 4. Sistema valida cada campo según esquema 5. Genera hash de contraseña 6. Confirma creación y muestra ID asignado","1. Email duplicado: 'Email ya está registrado' 2. Número documento duplicado: 'Documento ya existe en el sistema' 3. Contraseña débil: 'Debe tener 8+ caracteres, mayúscula y número' 4. Rol no existe: 'Seleccione rol válido' 5. Datos incompletos: resaltar campos requeridos 6. Error BD: 'Error al crear usuario. Intente nuevamente'","Ninguna","3","Email UNIQUE; Número documento UNIQUE; Todo usuario REQUIERE rol asignado (FK rol_id NOT NULL); Contraseña debe hashear antes de almacenar; Máximo 1 usuario por documento","Web"
"CU-003","Panel de Administración","Administrador","Seguridad","Usuarios","Consultar usuario","usuario, rol","Administrador autenticado","Lista de usuarios con detalles visualizados","1. Administrador abre Panel → Usuarios 2. Sistema carga lista paginada (máx 50 usuarios por página) 3. Muestra columnas: ID, Nombre, Email, Documento, Rol, Estado 4. Proporciona búsqueda por nombre o documento (insensible a mayúsculas) 5. Permite ordenar alfabéticamente o por fecha de creación 6. Seleccionar usuario muestra tarjeta con datos completos","1. No hay usuarios: 'No hay usuarios registrados' 2. Búsqueda sin resultados: 'No encontrado. Verifique el criterio' 3. Error BD: 'Error al cargar usuarios'","Ninguna","2","Solo muestra usuarios con permisos de acceso; Listado ordenado por fecha creación descendente; Usuario actual NO puede eliminarse desde aquí","Web"
"CU-004","Panel de Administración","Administrador","Seguridad","Usuarios","Modificar usuario","usuario, rol","Administrador autenticado y usuario existente","Usuario actualizado con cambios guardados","1. Administrador selecciona usuario de lista (CU-003) 2. Selecciona Editar 3. Abre formulario con campos actuales precargados 4. Modifica: Nombre, Apellido, Teléfono (siempre); Email, Documento (solo sin inscripciones); Rol (solo sin inscripciones activas) 5. Valida nuevos datos igual que CU-002 6. Muestra resumen de cambios 7. Confirma actualización","1. Email nuevo duplicado: 'Email ya en uso' 2. Usuario con inscripciones activas: 'No puede cambiar rol/documento. Usuario tiene inscripciones' 3. Usuario intenta auto-editarse: permitir solo teléfono/email 4. Error BD: 'Error al actualizar. Intente nuevamente'","CU-003","3","No cambiar documento si tiene transacciones; Rol solo modificable sin inscripciones activas; Máximo 1 edición simultánea por usuario","Web"
"CU-005","Panel de Administración","Administrador","Seguridad","Usuarios","Eliminar usuario","usuario","Administrador autenticado y usuario existente","Usuario marcado como inactivo (soft delete)","1. Administrador selecciona usuario (CU-003) 2. Selecciona Eliminar 3. Muestra confirmación: datos usuario + alerta 'Esta acción no se puede deshacer' 4. SI sin inscripciones: permite eliminar directamente 5. SI con inscripciones: muestra aviso con cantidad 6. Usuario confirma 7. Sistema marca como inactivo (soft delete)","1. Usuario con inscripciones activas: 'No puede eliminar. Usuario tiene [N] inscripciones activas' 2. Usuario es único Administrador: 'No puede eliminar único Administrador del sistema' 3. Error BD: 'Error al eliminar. Intente nuevamente' 4. Usuario cancela confirmación: vuelve a lista","CU-003","3","No eliminar si tiene inscripciones (integridad referencial); Soft delete obligatorio (preservar historial); Último Administrador NO se puede eliminar","Web"
"CU-006","Panel de Administración","Administrador","Mantenimiento","BD","Realizar Backup de BD","Todas","Administrador autenticado","Backup ejecutado con estado registrado","1. Administrador abre Panel Administración → Mantenimiento → Backup 2. Sistema muestra: última fecha de backup, tamaño BD, espacio disponible 3. Administrador selecciona 'Ejecutar Backup Ahora' 4. Sistema valida: acceso a almacenamiento disponible 5. Ejecuta backup completo de toda la BD (usuario, rol, alumno, curso, vehiculo, tipo_vehiculo, inscripcion, sesion, metodo_pago) 6. Muestra progreso en tiempo real 7. Confirma: 'Backup ejecutado exitosamente. Fecha: [timestamp], Tamaño: [MB]' 8. Registra operación en log del sistema","1. Sin acceso a almacenamiento: 'Error: No hay espacio disponible en destino' 2. BD no accesible: 'Error: No se puede acceder a la base de datos' 3. Operación en progreso: 'Espere. Backup en progreso. No cierre esta ventana' 4. Backup incompleto: 'Advertencia: Backup completado parcialmente. Contacte administrador' 5. Error de permisos: 'Error: Permisos insuficientes para ejecutar backup'","Ninguna","5","Backup incluye todas las tablas; Ejecutable solo por Administrador; Registra timestamp de ejecución; Requiere confirmación explícita; Espacio mínimo requerido: 500MB disponibles; Backup automático pueden ejecutarse fuera del horario laboral (configuración)","Web"
"CU-007","Portal de Dirección","Director","Académico","Alumnos","Registrar alumno","usuario","Director autenticado","Alumno registrado con ID asignado","1. Director abre Módulo Alumnos → Nuevo 2. Completa formulario: Nombre completo, Fecha nacimiento, Tipo documento, Número documento (valida NO duplicado), Teléfono (7+ dígitos), Email (opcional), Foto (opcional, máx 2MB) 3. Sistema calcula edad automáticamente 4. Valida cada campo según esquema 5. Previsualiza datos ingresados 6. Confirma creación y asigna ID alumno 7. Muestra confirmación con número de alumno asignado","1. Número documento duplicado: 'Este documento ya está registrado. Alumno: [Nombre]' 2. Email duplicado: 'Email ya en uso' 3. Datos inválidos (email, teléfono): mostrar error específico por campo 4. Fecha nacimiento inválida: 'Ingrese fecha válida' 5. Foto excede tamaño: 'Imagen debe ser menor a 2MB' 6. Datos incompletos: resaltar campos requeridos 7. Error BD: 'Error al registrar alumno. Intente nuevamente'","Ninguna","3","Número documento UNIQUE; Email UNIQUE si se proporciona; Edad se calcula automáticamente (NOW - fecha_nacimiento); Teléfono debe tener formato válido (7+ dígitos); Foto máx 2MB; Nombre y Documento son obligatorios","Web"
"CU-008","Portal de Dirección","Director","Académico","Alumnos","Consultar alumno","usuario","Director autenticado","Lista de alumnos con información completa visualizada","1. Director abre Módulo Alumnos 2. Sistema carga lista paginada (máx 50 alumnos por página) de alumnos activos 3. Muestra columnas: ID, Nombre, Documento, Edad, Teléfono 4. Proporciona búsqueda: por nombre (parcial, insensible a mayúsculas), por documento, por teléfono 5. Permite ordenar por nombre o fecha creación 6. Filtros opcionales: Activos/Inactivos, Por rango edad 7. Seleccionar alumno muestra tarjeta detalle: datos personales, historial de inscripciones, total de horas realizadas","1. No hay alumnos: 'No hay alumnos registrados. Cree uno nuevo' 2. Búsqueda sin resultados: 'No encontrado. Verifique nombre o documento' 3. Error BD: 'Error al cargar alumnos'","Ninguna","2","Listado solo incluye alumnos activos (soft delete); Búsqueda case-insensitive; Máx 50 registros por página; Edad calculada automáticamente","Web"
"CU-009","Portal de Dirección","Director","Académico","Alumnos","Modificar alumno","usuario","Alumno registrado","Alumno actualizado con cambios guardados","1. Director selecciona alumno de lista (CU-008) 2. Selecciona Editar 3. Abre formulario con datos actuales precargados 4. Permite modificar: Nombre, Teléfono, Email (siempre); Número documento (solo sin inscripciones) 5. Valida datos igual que CU-007 6. Muestra resumen de cambios realizados 7. Confirma actualización","1. Alumno con inscripciones activas: 'No puede cambiar documento. Usuario tiene inscripciones activas' 2. Nuevo documento duplicado: 'Documento duplicado' 3. Datos inválidos: mostrar error específico por campo 4. Error BD: 'Error al actualizar. Intente nuevamente'","CU-008","3","No cambiar documento si hay inscripciones; Cambios pueden ser auditados internamente; Nombre y Documento son obligatorios; Foto máx 2MB","Web"
"CU-010","Portal de Dirección","Director","Académico","Alumnos","Eliminar alumno","usuario","Alumno registrado","Alumno marcado como inactivo (soft delete)","1. Director selecciona alumno de lista (CU-008) 2. Selecciona Eliminar o Desactivar 3. Muestra diálogo: Nombre, Documento, cantidad de inscripciones asociadas, alerta 'Esta acción no se puede deshacer' 4. SI sin inscripciones: permite desactivar directamente 5. SI con inscripciones: muestra lista y aviso 6. Usuario confirma desactivación 7. Sistema marca como inactivo (soft delete)","1. Alumno con inscripciones activas: 'No puede desactivar. Tiene [N] inscripciones activas' 2. Alumno con pagos sin procesar: 'No puede desactivar. Resolver pagos primero' 3. Usuario cancela: Vuelve a lista 4. Error BD: 'Error al desactivar. Intente nuevamente'","CU-008","3","Soft delete: solo marcar inactivo; No eliminar datos (preservar historial); No desactivar si hay inscripciones en proceso","Web"
"CU-011","Portal de Dirección","Director","Logística","Vehículos","Registrar tipo de vehículo","tipo_vehiculo","Director autenticado","Tipo de vehículo registrado con ID asignado","1. Director abre Módulo Vehículos → Tipos → Nuevo 2. Completa formulario: Nombre tipo (único, requerido) - Ej: Manual, Automático, Motocicleta 3. Descripción (opcional) 4. Sistema valida nombre no duplicado 5. Previsualiza datos 6. Confirma creación y asigna ID tipo 7. Muestra confirmación con tipo registrado","1. Nombre tipo duplicado: 'Tipo [Manual] ya existe en el sistema' 2. Datos incompletos: resaltar nombre como requerido 3. Nombre muy largo: 'Nombre debe tener máximo 50 caracteres' 4. Error BD: 'Error al crear tipo. Intente nuevamente'","Ninguna","3","Nombre tipo UNIQUE; Máximo 50 caracteres; Tipos predefinidos recomendados: Manual, Automático, Motocicleta","Web"
"CU-012","Portal de Dirección","Director","Logística","Vehículos","Consultar tipo de vehículo","tipo_vehiculo","Director autenticado","Lista de tipos de vehículos con información visualizada","1. Director abre Módulo Vehículos → Tipos 2. Sistema carga lista de tipos existentes 3. Muestra columnas: ID, Nombre, Descripción, Cantidad de vehículos 4. Permite búsqueda por nombre (parcial, insensible a mayúsculas) 5. Ordena alfabéticamente 6. Seleccionar tipo muestra: detalle completo, vehículos asociados de ese tipo","1. No hay tipos registrados: 'No hay tipos de vehículos. Cree uno nuevo' 2. Búsqueda sin resultados: 'No encontrado' 3. Error BD: 'Error al cargar tipos de vehículos'","Ninguna","2","Listado ordenado alfabéticamente; Búsqueda case-insensitive; Solo muestra tipos activos","Web"
"CU-013","Portal de Dirección","Director","Logística","Vehículos","Modificar tipo de vehículo","tipo_vehiculo","Tipo registrado","Tipo de vehículo actualizado con cambios guardados","1. Director selecciona tipo de lista (CU-012) 2. Selecciona Editar 3. Abre formulario con datos actuales 4. Permite modificar: Nombre (solo sin vehículos asociados), Descripción 5. Valida nombre no duplicado 6. Muestra resumen de cambios 7. Confirma actualización","1. Nombre duplicado: 'Nombre [Automático] ya existe' 2. Tipo con vehículos asociados: 'No puede cambiar nombre. Tiene [N] vehículos asociados' 3. Datos incompletos: mostrar error específico 4. Error BD: 'Error al actualizar tipo'","CU-012","3","No cambiar nombre si hay vehículos asociados; Descripción siempre modificable; Máximo 50 caracteres en nombre","Web"
"CU-014","Portal de Dirección","Director","Logística","Vehículos","Eliminar tipo de vehículo","tipo_vehiculo","Tipo registrado","Tipo marcado como inactivo (soft delete)","1. Director selecciona tipo de lista (CU-012) 2. Selecciona Eliminar o Desactivar 3. Muestra diálogo: Nombre, Descripción, cantidad de vehículos asociados, alerta 'Esta acción no se puede deshacer' 4. SI sin vehículos: permite desactivar 5. SI con vehículos: muestra lista y aviso 6. Usuario confirma 7. Sistema marca como inactivo","1. Tipo con vehículos asociados: 'No puede desactivar. Tiene [N] vehículos de este tipo' 2. Usuario cancela: Vuelve a lista 3. Error BD: 'Error al desactivar tipo'","CU-012","3","Soft delete: solo marcar inactivo; No eliminar si hay vehículos asociados; Preserva historial","Web"
"CU-015","Portal de Dirección","Director","Logística","Vehículos","Registrar vehículo","vehiculo, tipo_vehiculo","Director autenticado","Vehículo registrado con ID asignado","1. Director abre Módulo Vehículos → Vehículos → Nuevo 2. Completa formulario: Placa (única, obligatoria) - Ej: ABC-123, Marca, Modelo, Año (1900-actual), Tipo vehículo (selector obligatorio, CU-011), Transmisión (manual/automático), Estado vehículo (activo/mantenimiento) 3. Valida: placa no duplicada, año válido, tipo existe 4. Previsualiza datos 5. Confirma creación y asigna ID vehículo 6. Muestra confirmación","1. Placa duplicada: 'Placa [ABC-123] ya registrada' 2. Tipo no existe: 'Seleccione tipo válido' 3. Año inválido: 'Año debe estar entre 1900 y año actual' 4. Datos incompletos: resaltar campos requeridos 5. Error BD: 'Error al registrar vehículo'","Ninguna","3","Placa UNIQUE; Año >= 1900 y <= actual; tipo_vehiculo_id obligatorio (FK); Estado default: activo; Transmisión default: manual","Web"
"CU-016","Portal de Dirección","Director","Logística","Vehículos","Consultar vehículo","vehiculo, tipo_vehiculo","Director autenticado","Lista de vehículos con información visualizada","1. Director abre Módulo Vehículos → Vehículos 2. Sistema carga lista paginada (máx 50) de vehículos activos 3. Muestra columnas: ID, Placa, Marca, Modelo, Tipo, Estado, Año 4. Búsqueda por placa, marca o modelo (parcial, insensible a mayúsculas) 5. Filtros: Por estado (activo/mantenimiento), Por tipo vehículo 6. Ordena por placa o marca 7. Seleccionar vehículo muestra: detalle completo, historial de sesiones/instructores asignados","1. No hay vehículos: 'No hay vehículos registrados. Cree uno nuevo' 2. Búsqueda sin resultados: 'No encontrado' 3. Error BD: 'Error al cargar vehículos'","Ninguna","2","Listado paginado (máx 50); Búsqueda case-insensitive; Solo muestra vehículos activos por defecto","Web"
"CU-017","Portal de Dirección","Director","Logística","Vehículos","Modificar vehículo","vehiculo, tipo_vehiculo","Vehículo registrado","Vehículo actualizado con cambios guardados","1. Director selecciona vehículo de lista (CU-016) 2. Selecciona Editar 3. Abre formulario con datos actuales 4. Permite modificar: Marca, Modelo, Año, Transmisión, Estado (activo/mantenimiento/retirado) (siempre); Placa, Tipo (solo sin sesiones asociadas) 5. Valida placa no duplicada, año válido 6. Muestra resumen de cambios 7. Confirma actualización","1. Vehículo con sesiones: 'No puede cambiar placa/tipo. Vehículo tiene sesiones asociadas' 2. Placa duplicada: 'Placa ya registrada' 3. Año inválido: 'Año entre 1900 y actual' 4. Error BD: 'Error al actualizar vehículo'","CU-016","3","No cambiar placa/tipo si tiene sesiones; Estado puede cambiar siempre; Vehículos en mantenimiento no disponibles para nuevas sesiones","Web"
"CU-018","Portal de Dirección","Director","Logística","Vehículos","Eliminar vehículo","vehiculo","Vehículo registrado","Vehículo marcado como inactivo (soft delete)","1. Director selecciona vehículo de lista (CU-016) 2. Selecciona Eliminar o Retirar 3. Muestra diálogo: Placa, Marca, Modelo, cantidad de sesiones, alerta 'Esta acción no se puede deshacer' 4. SI sin sesiones: permite marcar como retirado 5. SI con sesiones: muestra lista y aviso 6. Usuario confirma 7. Sistema marca estado como retirado/inactivo","1. Vehículo con sesiones activas: 'No puede eliminar. Vehículo tiene sesiones. Cambie estado a Mantenimiento' 2. Usuario cancela: Vuelve a lista 3. Error BD: 'Error al desactivar vehículo'","CU-016","3","Soft delete: marcar estado como retirado/inactivo; No eliminar si tiene sesiones; Preserva historial completo","Web"
"CU-019","Portal de Dirección","Director","Académico","Cursos","Crear curso","curso","Director autenticado","Curso registrado con ID asignado","1. Director abre Módulo Cursos → Nuevo 2. Completa formulario: Nombre curso (único, obligatoria) - Ej: Conducción Manual Automático, Horas prácticas (obligatoria, >= 0), Horas teóricas (obligatoria, >= 0), Precio (obligatorio, > 0), Descripción (opcional) 3. Sistema valida: nombre no duplicado, horas >= 0, precio > 0 4. Previsualiza curso con total de horas 5. Confirma creación y asigna ID curso 6. Muestra confirmación con datos registrados","1. Nombre duplicado: 'Curso [Nombre] ya existe' 2. Horas inválidas: 'Horas deben ser números positivos' 3. Precio <= 0: 'Precio debe ser mayor a 0' 4. Datos incompletos: resaltar campos requeridos 5. Formato de precio inválido: 'Ingrese precio válido (ej: 150.50)' 6. Error BD: 'Error al crear curso'","Ninguna","3","Nombre UNIQUE; horas_practicas_totales >= 0; horas_teoricas_totales >= 0; precio > 0; Estado default: activo; Precio en moneda local (numérico 12,2)","Web"
"CU-020","Portal de Dirección","Director","Académico","Cursos","Consultar curso","curso","Director autenticado","Lista paginada de cursos (máx 50 por página)","1. Director abre Módulo Cursos → Consultar 2. Sistema carga lista inicial: primeros 50 cursos ordenados por nombre (A-Z), mostrando: ID, Nombre, Horas totales, Precio, Estado 3. Director puede: a) Buscar por nombre (búsqueda parcial, insensible a mayúsculas) b) Filtrar por Estado (Activo/Inactivo) c) Navegar entre páginas 4. Al seleccionar un curso: muestra detalle con Descripción, horas prácticas/teóricas, precio, fecha creación 5. Opción: Editar o Eliminar del mismo detalle","1. Sin resultados: 'No hay cursos con estos criterios' 2. Búsqueda sin coincidencias: 'Ningún curso coincide con: [búsqueda]' 3. Página no existe: 'Página solicitada no disponible' 4. Error al cargar: 'Error al consultar cursos'","Ninguna","2","Máximo 50 registros por página; Búsqueda insensible a mayúsculas; Ordenamiento por nombre; Visualización incluye estado","Web"
"CU-021","Portal de Dirección","Director","Académico","Cursos","Modificar curso","curso","Curso registrado","Curso actualizado con cambios guardados","1. Director selecciona curso de lista (CU-020) 2. Selecciona Editar 3. Abre formulario con datos actuales precargados 4. Permite modificar: Nombre (solo sin inscripciones), Horas prácticas, Horas teóricas, Precio (siempre); Descripción 5. Valida nombre no duplicado, horas >= 0, precio > 0 6. Muestra resumen de cambios 7. Confirma actualización","1. Curso con inscripciones: 'No puede cambiar nombre. Curso tiene [N] inscripciones' 2. Nombre duplicado: 'Nombre [X] ya existe' 3. Horas inválidas: 'Horas deben ser números >= 0' 4. Precio <= 0: 'Precio debe ser mayor a 0' 5. Error BD: 'Error al actualizar curso'","CU-020","3","No cambiar nombre si tiene inscripciones; Precio y horas siempre editables; Máximo 50 caracteres en nombre","Web"
"CU-022","Portal de Dirección","Director","Académico","Cursos","Eliminar curso","curso","Curso registrado","Curso marcado como inactivo (soft delete)","1. Director selecciona curso de lista (CU-020) 2. Selecciona Eliminar o Desactivar 3. Muestra diálogo: Nombre, Precio total, cantidad de inscripciones, horas totales, alerta 'Esta acción no se puede deshacer' 4. SI sin inscripciones: permite desactivar directamente 5. SI con inscripciones: muestra lista y aviso 6. Usuario confirma 7. Sistema marca como inactivo (soft delete)","1. Curso con inscripciones activas: 'No puede desactivar. Tiene [N] inscripciones activas' 2. Usuario cancela: Vuelve a lista 3. Error BD: 'Error al desactivar curso'","CU-020","3","Soft delete: marcar estado como inactivo; No eliminar si tiene inscripciones; Preserva historial completo","Web"
"CU-023","Portal de Dirección","Director","Finanzas","Pagos","Registrar método de pago","metodo_pago","Director autenticado","Método de pago registrado con ID asignado","1. Director abre Módulo Pagos → Métodos → Nuevo 2. Completa formulario: Nombre método (único, obligatoria) - Ej: Tarjeta crédito, Transferencia bancaria, Efectivo, Cheque 3. Descripción (opcional) - Ej: Visa, Mastercard, etc 4. Activo (checkbox default: sí) 5. Sistema valida nombre no duplicado 6. Previsualiza datos 7. Confirma creación y asigna ID método 8. Muestra confirmación con método registrado","1. Nombre duplicado: 'Método [Nombre] ya existe' 2. Datos incompletos: resaltar nombre como requerido 3. Nombre muy largo: 'Nombre debe tener máximo 50 caracteres' 4. Error BD: 'Error al crear método de pago'","Ninguna","3","Nombre método UNIQUE; Máximo 50 caracteres; Estado default: activo; Ejemplos: Tarjeta crédito, Transferencia bancaria, Efectivo, Cheque","Web"
"CU-024","Portal de Dirección","Director","Finanzas","Pagos","Consultar método de pago","metodo_pago","Director autenticado","Lista de métodos de pago con detalles visualizados","1. Director abre Módulo Pagos → Métodos 2. Sistema carga lista de métodos existentes 3. Muestra columnas: ID, Nombre, Descripción, Estado, Cantidad inscripciones usando método 4. Permite búsqueda por nombre (parcial, insensible a mayúsculas) 5. Filtra por Estado (Activo/Inactivo) 6. Ordena alfabéticamente 7. Seleccionar método muestra: detalle completo, inscripciones que lo usan","1. No hay métodos registrados: 'No hay métodos de pago. Cree uno nuevo' 2. Búsqueda sin resultados: 'No encontrado' 3. Error BD: 'Error al cargar métodos de pago'","Ninguna","2","Listado ordenado alfabéticamente; Búsqueda case-insensitive; Solo muestra métodos activos por defecto","Web"
"CU-025","Portal de Dirección","Director","Finanzas","Pagos","Modificar método de pago","metodo_pago","Método registrado","Método de pago actualizado con cambios guardados","1. Director selecciona método de lista (CU-024) 2. Selecciona Editar 3. Abre formulario con datos actuales 4. Permite modificar: Nombre (solo sin inscripciones), Descripción, Estado (activo/inactivo) (siempre) 5. Valida nombre no duplicado 6. Muestra resumen de cambios 7. Confirma actualización","1. Nombre duplicado: 'Nombre [X] ya existe' 2. Método con inscripciones: 'No puede cambiar nombre. Tiene [N] inscripciones' 3. Datos incompletos: mostrar error específico 4. Error BD: 'Error al actualizar método'","CU-024","3","No cambiar nombre si hay inscripciones; Estado (activo/inactivo) siempre modificable; Máximo 50 caracteres en nombre","Web"
"CU-026","Portal de Dirección","Director","Finanzas","Pagos","Eliminar método de pago","metodo_pago","Método registrado","Método marcado como inactivo (soft delete)","1. Director selecciona método de lista (CU-024) 2. Selecciona Eliminar o Desactivar 3. Muestra diálogo: Nombre, Descripción, cantidad de inscripciones usando este método, alerta 'Esta acción no se puede deshacer' 4. SI sin inscripciones: permite desactivar directamente 5. SI con inscripciones: muestra lista y aviso 6. Usuario confirma 7. Sistema marca como inactivo (soft delete)","1. Método con inscripciones: 'No puede desactivar. Tiene [N] inscripciones usando este método' 2. Usuario cancela: Vuelve a lista 3. Error BD: 'Error al desactivar método'","CU-024","3","Soft delete: marcar estado como inactivo; No eliminar si tiene inscripciones; Preserva historial completo","Web"
"CU-027","Portal de Dirección","Director","Comercial","Inscripción","Registrar inscripción","inscripcion, sesion, usuario, curso, metodo_pago, vehiculo","Alumno y curso registrados, pago completado, recursos disponibles","Inscripción registrada, sesiones creadas","1. Director abre Inscripción → Nueva 2. SELECCION ALUMNO: busca por nombre/documento, valida activo, muestra datos 3. SELECCION CURSO: lista cursos activos, selecciona, valida existencia 4. VERIFICACION PAGO: busca pagos del alumno para este curso, SI pago pendiente → BLOQUEA con alerta, SI completado → continúa 5. SELECCION RECURSOS: muestra calendario horarios (8-10, 10-12, 13-15, 15-17, 17-19), filtra instructor/vehículo disponibles, VALIDA ANTICONFLICTO (instructor NO ocupado, vehículo NO ocupado, alumno NO en otra clase), selecciona primera sesión 6. CONFIRMACION: muestra RESUMEN (alumno, curso, pago, instructor, vehículo, horario) con confirmación 7. CREACION: crea inscripcion (alumno_id, curso_id, metodo_pago_id, estado_pago='completado'), crea sesiones (1 por clase) 8. Muestra confirmación: 'Inscripción registrada. ID: [id]'","1. Alumno no encontrado: 'Alumno no existe. Cree uno primero' 2. Alumno inactivo: 'Alumno inactivo. No puede inscribirse' 3. Curso no existe: 'Curso no disponible' 4. INSCRIPCION DUPLICADA: 'Alumno ya está inscrito en este curso' 5. PAGO NO REALIZADO: 'Pago pendiente. Monto $[precio]. Registre pago antes de continuar' 6. SIN RECURSOS DISPONIBLES: 'No hay instructores/vehículos disponibles en horarios solicitados. Próximo disponible: [fecha]' 7. CONFLICTO HORARIO (alumno en 2 clases): 'Alumno ya tiene clase en este horario' 8. INSTRUCTOR NO DISPONIBLE: 'Instructor [Nombre] no disponible [hora]. Opciones: [lista]' 9. VEHICULO NO DISPONIBLE: 'Vehículo [Placa] no disponible. Opciones: [lista]' 10. VEHICULO EN MANTENIMIENTO: 'Vehículo en mantenimiento. No disponible' 11. TIPO VEHICULO NO DISPONIBLE: 'No hay vehículos tipo [Automático] disponibles' 12. DATOS INCOMPLETOS: resaltar campo específico 13. Error BD: 'Error al crear inscripción. Intente nuevamente'","Ninguna","5","PAGO OBLIGATORIO: estado_pago DEBE='completado' ANTES de crear; UNICA POR CURSO: UNIQUE(alumno_id, curso_id); RECURSOS LIMITADOS: 4 vehículos (3 manuales, 1 automático), 5 instructores máximo; ANTICONFLICTO: validar instructor y vehículo sin conflicto de horario; HORARIOS: 8-10, 10-12, 13-15, 15-17, 17-19 (duración 2h); ALUMNO/CURSO ACTIVO obligatorio","Web"
"CU-028","Portal de Dirección","Director","Comercial","Inscripción","Consultar inscripción","inscripcion, sesion, usuario, curso","Director autenticado","Lista de inscripciones con estado y detalles visualizados","1. Director abre Módulo Inscripción 2. Carga lista paginada (máx 50) de inscripciones activas 3. Muestra columnas: ID, Alumno, Curso, Fecha inscripción, Estado pago, Sesiones restantes 4. Búsqueda por: nombre alumno, documento, ID inscripción, curso 5. Filtros: por estado pago, por curso, por rango fechas, por instructor 6. Ordena por fecha inscripción (descendente) 7. Seleccionar muestra tarjeta con: datos alumno (nombre, doc, teléfono), datos curso (nombre, horas, precio), pago (método, monto, fecha), sesiones listadas con fechas/horarios/instructor/vehículo, horas acumuladas","1. No hay inscripciones: 'No hay inscripciones registradas' 2. Búsqueda sin resultados: 'No encontrado' 3. Error BD: 'Error al cargar inscripciones'","Ninguna","3","Listado solo activos (soft delete); Página máx 50; Búsqueda case-insensitive; Sesiones muestran estado: programada, en curso, completada, cancelada","Web"
"CU-029","Portal de Dirección","Director","Comercial","Inscripción","Modificar inscripción","inscripcion, sesion, usuario, vehiculo","Inscripción registrada","Inscripción actualizada con cambios guardados","1. Director selecciona inscripción (CU-028) 2. Abre vista detalle → Editar 3. RESTRICCIONES: SI inscripción iniciada (sesión en curso/completada) → mostrar 'Inscripción en progreso. Cambios limitados' y permitir SOLO próximas sesiones; SI sin iniciar → permitir cambios de instructor/vehículo/horario 4. SELECCION NUEVOS RECURSOS: muestra calendario disponible 5. Selecciona nuevo instructor y vehículo 6. VALIDACION ANTICONFLICTO: instructor NO ocupado, vehículo NO ocupado, alumno NO tiene otra clase mismo horario 7. Selecciona nuevas fechas/horarios 8. CONFIRMACION: muestra cambios antes/después, resalta conflictos 9. CREACION: actualiza sesiones","1. Inscripción en progreso → 'No puede cambiar alumno/curso de inscripción en curso' 2. Alumno tiene otra clase → 'Conflicto de horario' 3. Instructor no disponible → 'Instructor ocupado. Opciones: [lista]' 4. Vehículo no disponible → 'Vehículo no disponible. Opciones: [lista]' 5. Tipo vehículo no disponible → 'No hay vehículos de este tipo disponibles' 6. Error BD → 'Error al actualizar inscripción'","CU-028","4","Inscripciones iniciadas: cambios limitados a próximas sesiones; Inscripciones sin iniciar: cambios libres (siempre validando anticonflicto); Sesiones completadas: NUNCA editar; Validación anticonflicto OBLIGATORIA","Web"
"CU-030","Portal de Dirección","Director","Comercial","Inscripción","Eliminar inscripción","inscripcion, sesion","Inscripción registrada","Inscripción cancelada, sesiones futuras liberadas, recursos disponibles para otros alumnos","1. Director selecciona inscripción (CU-028) 2. Selecciona Eliminar/Cancelar 3. Muestra diálogo: nombre alumno, curso, ID inscripción, [N] sesiones programadas, [N] completadas, alerta 'Esta acción no se puede deshacer' 4. LOGICA: SI sin iniciar (sin sesiones completadas) → permite cancelar directo; SI en progreso (sesiones completadas) → muestra aviso pero permite cancelar, preserva historial 5. Solicita confirmación checkbox: 'Entiendo que esta acción no se puede deshacer' 6. CANCELACION: marca inscripcion inactiva, marca sesiones futuras como canceladas (sesiones completadas PRESERVADAS), libera instructor/vehículo de sesiones futuras","1. Inscripción sin sesiones: 'No hay sesiones que cancelar. Eliminar registro?' 2. Con sesiones completadas: 'Se perderán [N] horas registradas. ¿Continuar?' 3. Error BD: 'Error al cancelar inscripción. Intente nuevamente'","CU-028","4","Soft delete: marca inactiva, no elimina; Sesiones completadas: NUNCA eliminar (preserva historial); Sesiones futuras: marcar como canceladas; Recursos liberados: instructor y vehículo disponibles; Pago NO revertido automáticamente (decisión comercial)","Web"
"CU-031","Terminal de Asistente","Asistente","Académico","Alumnos","Registrar alumno","usuario","Asistente autenticado","Alumno registrado con ID asignado","1. Asistente abre Módulo Alumnos → Nuevo 2. Completa formulario: Nombre completo, Fecha nacimiento, Tipo documento, Número documento (valida NO duplicado), Teléfono (7+ dígitos), Email (opcional), Foto (opcional, máx 2MB) 3. Sistema calcula edad automáticamente 4. Valida cada campo según esquema 5. Previsualiza datos ingresados 6. Confirma creación y asigna ID alumno 7. Muestra confirmación con número de alumno asignado","1. Número documento duplicado: 'Este documento ya está registrado. Alumno: [Nombre]' 2. Email duplicado: 'Email ya en uso' 3. Datos inválidos (email, teléfono): mostrar error específico por campo 4. Fecha nacimiento inválida: 'Ingrese fecha válida' 5. Foto excede tamaño: 'Imagen debe ser menor a 2MB' 6. Datos incompletos: resaltar campos requeridos 7. Error BD: 'Error al registrar alumno. Intente nuevamente'","Ninguna","3","Número documento UNIQUE; Email UNIQUE si se proporciona; Edad se calcula automáticamente (NOW - fecha_nacimiento); Teléfono debe tener formato válido (7+ dígitos); Foto máx 2MB; Nombre y Documento son obligatorios","Web"
"CU-032","Terminal de Asistente","Asistente","Académico","Alumnos","Consultar alumno","usuario","Asistente autenticado","Lista de alumnos con información completa visualizada","1. Asistente abre Módulo Alumnos 2. Sistema carga lista paginada (máx 50 alumnos por página) de alumnos activos 3. Muestra columnas: ID, Nombre, Documento, Edad, Teléfono 4. Proporciona búsqueda: por nombre (parcial, insensible a mayúsculas), por documento, por teléfono 5. Permite ordenar por nombre o fecha creación 6. Filtros opcionales: Activos/Inactivos, Por rango edad 7. Seleccionar alumno muestra tarjeta detalle: datos personales, historial de inscripciones, total de horas realizadas","1. No hay alumnos: 'No hay alumnos registrados. Cree uno nuevo' 2. Búsqueda sin resultados: 'No encontrado. Verifique nombre o documento' 3. Error BD: 'Error al cargar alumnos'","Ninguna","2","Listado solo incluye alumnos activos (soft delete); Búsqueda case-insensitive; Máx 50 registros por página; Edad calculada automáticamente","Web"
"CU-033","Terminal de Asistente","Asistente","Académico","Alumnos","Modificar alumno","usuario","Alumno registrado","Alumno actualizado con cambios guardados","1. Asistente selecciona alumno de lista (CU-032) 2. Selecciona Editar 3. Abre formulario con datos actuales precargados 4. Permite modificar: Nombre, Teléfono, Email (siempre); Número documento (solo sin inscripciones) 5. Valida datos igual que CU-031 6. Muestra resumen de cambios realizados 7. Confirma actualización","1. Alumno con inscripciones activas: 'No puede cambiar documento. Usuario tiene inscripciones activas' 2. Nuevo documento duplicado: 'Documento duplicado' 3. Datos inválidos: mostrar error específico por campo 4. Error BD: 'Error al actualizar. Intente nuevamente'","CU-032","3","No cambiar documento si hay inscripciones; Cambios pueden ser auditados internamente; Nombre y Documento son obligatorios; Foto máx 2MB","Web"
"CU-034","Terminal de Asistente","Asistente","Académico","Alumnos","Eliminar alumno","usuario","Alumno registrado","Alumno marcado como inactivo (soft delete)","1. Asistente selecciona alumno de lista (CU-032) 2. Selecciona Eliminar o Desactivar 3. Muestra diálogo: Nombre, Documento, cantidad de inscripciones asociadas, alerta 'Esta acción no se puede deshacer' 4. SI sin inscripciones: permite desactivar directamente 5. SI con inscripciones: muestra lista y aviso 6. Usuario confirma desactivación 7. Sistema marca como inactivo (soft delete)","1. Alumno con inscripciones activas: 'No puede desactivar. Tiene [N] inscripciones activas' 2. Alumno con pagos sin procesar: 'No puede desactivar. Resolver pagos primero' 3. Usuario cancela: Vuelve a lista 4. Error BD: 'Error al desactivar. Intente nuevamente'","CU-032","3","Soft delete: solo marcar inactivo; No eliminar datos (preservar historial); No desactivar si hay inscripciones en proceso","Web"
"CU-035","Terminal de Asistente","Asistente","Comercial","Inscripción","Registrar inscripción","inscripcion, sesion, usuario, curso, metodo_pago, vehiculo","Alumno y curso registrados, pago completado, recursos disponibles","Inscripción registrada, sesiones creadas","1. Asistente abre Inscripción → Nueva 2. SELECCION ALUMNO: busca por nombre/documento, valida activo, muestra datos 3. SELECCION CURSO: lista cursos activos, selecciona, valida existencia 4. VERIFICACION PAGO: busca pagos del alumno para este curso, SI pago pendiente → BLOQUEA con alerta, SI completado → continúa 5. SELECCION RECURSOS: muestra calendario horarios (8-10, 10-12, 13-15, 15-17, 17-19), filtra instructor/vehículo disponibles, VALIDA ANTICONFLICTO (instructor NO ocupado, vehículo NO ocupado, alumno NO en otra clase), selecciona primera sesión 6. CONFIRMACION: muestra RESUMEN (alumno, curso, pago, instructor, vehículo, horario) con confirmación 7. CREACION: crea inscripcion (alumno_id, curso_id, metodo_pago_id, estado_pago='completado'), crea sesiones (1 por clase) 8. Muestra confirmación: 'Inscripción registrada. ID: [id]'","1. Alumno no encontrado: 'Alumno no existe. Cree uno primero' 2. Alumno inactivo: 'Alumno inactivo. No puede inscribirse' 3. Curso no existe: 'Curso no disponible' 4. INSCRIPCION DUPLICADA: 'Alumno ya está inscrito en este curso' 5. PAGO NO REALIZADO: 'Pago pendiente. Monto $[precio]. Registre pago antes de continuar' 6. SIN RECURSOS DISPONIBLES: 'No hay instructores/vehículos disponibles en horarios solicitados. Próximo disponible: [fecha]' 7. CONFLICTO HORARIO (alumno en 2 clases): 'Alumno ya tiene clase en este horario' 8. INSTRUCTOR NO DISPONIBLE: 'Instructor [Nombre] no disponible [hora]. Opciones: [lista]' 9. VEHICULO NO DISPONIBLE: 'Vehículo [Placa] no disponible. Opciones: [lista]' 10. VEHICULO EN MANTENIMIENTO: 'Vehículo en mantenimiento. No disponible' 11. TIPO VEHICULO NO DISPONIBLE: 'No hay vehículos tipo [Automático] disponibles' 12. DATOS INCOMPLETOS: resaltar campo específico 13. Error BD: 'Error al crear inscripción. Intente nuevamente'","Ninguna","5","PAGO OBLIGATORIO: estado_pago DEBE='completado' ANTES de crear; UNICA POR CURSO: UNIQUE(alumno_id, curso_id); RECURSOS LIMITADOS: 4 vehículos (3 manuales, 1 automático), 5 instructores máximo; ANTICONFLICTO: validar instructor y vehículo sin conflicto de horario; HORARIOS: 8-10, 10-12, 13-15, 15-17, 17-19 (duración 2h); ALUMNO/CURSO ACTIVO obligatorio","Web"
"CU-036","Terminal de Asistente","Asistente","Comercial","Inscripción","Consultar inscripción","inscripcion, sesion, usuario, curso","Asistente autenticado","Lista de inscripciones con estado y detalles visualizados","1. Asistente abre Módulo Inscripción 2. Carga lista paginada (máx 50) de inscripciones activas 3. Muestra columnas: ID, Alumno, Curso, Fecha inscripción, Estado pago, Sesiones restantes 4. Búsqueda por: nombre alumno, documento, ID inscripción, curso 5. Filtros: por estado pago, por curso, por rango fechas, por instructor 6. Ordena por fecha inscripción (descendente) 7. Seleccionar muestra tarjeta con: datos alumno (nombre, doc, teléfono), datos curso (nombre, horas, precio), pago (método, monto, fecha), sesiones listadas con fechas/horarios/instructor/vehículo, horas acumuladas","1. No hay inscripciones: 'No hay inscripciones registradas' 2. Búsqueda sin resultados: 'No encontrado' 3. Error BD: 'Error al cargar inscripciones'","Ninguna","3","Listado solo activos (soft delete); Página máx 50; Búsqueda case-insensitive; Sesiones muestran estado: programada, en curso, completada, cancelada","Web"
"CU-037","Terminal de Asistente","Asistente","Comercial","Inscripción","Modificar inscripción","inscripcion, sesion, usuario, vehiculo","Inscripción registrada","Inscripción actualizada con cambios guardados","1. Asistente selecciona inscripción (CU-036) 2. Abre vista detalle → Editar 3. RESTRICCIONES: SI inscripción iniciada (sesión en curso/completada) → mostrar 'Inscripción en progreso. Cambios limitados' y permitir SOLO próximas sesiones; SI sin iniciar → permitir cambios de instructor/vehículo/horario 4. SELECCION NUEVOS RECURSOS: muestra calendario disponible 5. Selecciona nuevo instructor y vehículo 6. VALIDACION ANTICONFLICTO: instructor NO ocupado, vehículo NO ocupado, alumno NO tiene otra clase mismo horario 7. Selecciona nuevas fechas/horarios 8. CONFIRMACION: muestra cambios antes/después, resalta conflictos 9. CREACION: actualiza sesiones","1. Inscripción en progreso → 'No puede cambiar alumno/curso de inscripción en curso' 2. Alumno tiene otra clase → 'Conflicto de horario' 3. Instructor no disponible → 'Instructor ocupado. Opciones: [lista]' 4. Vehículo no disponible → 'Vehículo no disponible. Opciones: [lista]' 5. Tipo vehículo no disponible → 'No hay vehículos de este tipo disponibles' 6. Error BD → 'Error al actualizar inscripción'","CU-036","4","Inscripciones iniciadas: cambios limitados a próximas sesiones; Inscripciones sin iniciar: cambios libres (siempre validando anticonflicto); Sesiones completadas: NUNCA editar; Validación anticonflicto OBLIGATORIA","Web"
"CU-038","Terminal de Asistente","Asistente","Comercial","Inscripción","Eliminar inscripción","inscripcion, sesion","Inscripción registrada","Inscripción cancelada, sesiones futuras liberadas, recursos disponibles para otros alumnos","1. Asistente selecciona inscripción (CU-036) 2. Selecciona Eliminar/Cancelar 3. Muestra diálogo: nombre alumno, curso, ID inscripción, [N] sesiones programadas, [N] completadas, alerta 'Esta acción no se puede deshacer' 4. LOGICA: SI sin iniciar (sin sesiones completadas) → permite cancelar directo; SI en progreso (sesiones completadas) → muestra aviso pero permite cancelar, preserva historial 5. Solicita confirmación checkbox: 'Entiendo que esta acción no se puede deshacer' 6. CANCELACION: marca inscripcion inactiva, marca sesiones futuras como canceladas (sesiones completadas PRESERVADAS), libera instructor/vehículo de sesiones futuras","1. Inscripción sin sesiones: 'No hay sesiones que cancelar. Eliminar registro?' 2. Con sesiones completadas: 'Se perderán [N] horas registradas. ¿Continuar?' 3. Error BD: 'Error al cancelar inscripción. Intente nuevamente'","CU-036","4","Soft delete: marca inactiva, no elimina; Sesiones completadas: NUNCA eliminar (preserva historial); Sesiones futuras: marcar como canceladas; Recursos liberados: instructor y vehículo disponibles; Pago NO revertido automáticamente (decisión comercial)","Web"
"CU-039","Panel de Administración","Administrador","Seguridad","Sesión","Iniciar Sesión","usuario","Usuario no autenticado","Usuario autenticado con sesión activa","1. Pantalla login muestra: Email/Documento, Contraseña, Checkbox 'Mantener la sesión iniciada' 2. Usuario ingresa credenciales 3. Sistema valida: Email/Documento y Contraseña coinciden (contraseña hasheada) 4. SI 'Mantener sesión' marcado: token válido por 30 días 5. SI NO marcado: token válido por 8 horas (expira si inactividad) 6. Sistema crea sesión (usuario_id, interfaz, token, fecha_expiracion) 7. Redirige a dashboard con módulos permitidos por rol","1. Credenciales incorrectas: 'Email/Documento o Contraseña incorrectos' 2. Usuario no existe: 'Usuario no registrado' 3. Usuario inactivo: 'Cuenta desactivada. Contacte administrador' 4. Sesión expirada: 'Sesión expirada. Inicie sesión nuevamente' 5. Error BD: 'Error al conectar'","Ninguna","2","Contraseña almacenada con hash (bcrypt); Token válido 30 días si 'Mantener sesión' = sí; Token válido 8 horas si 'Mantener sesión' = no; Interfaz identificador único: 'Panel de Administración'","Web"
"CU-040","Portal de Dirección","Director","Seguridad","Sesión","Iniciar Sesión","usuario","Usuario no autenticado","Usuario autenticado con sesión activa","1. Pantalla login muestra: Email/Documento, Contraseña, Checkbox 'Mantener la sesión iniciada' 2. Director ingresa credenciales 3. Sistema valida: Email/Documento y Contraseña coinciden (hasheada) 4. SI 'Mantener sesión' marcado: token válido por 30 días 5. SI NO marcado: token válido por 8 horas (expira si inactividad) 6. Sistema crea sesión (usuario_id, interfaz='Portal de Dirección', token, fecha_expiracion) 7. Redirige a dashboard: muestra módulos permitidos (Académico, Logística, Comercial, Finanzas)","1. Credenciales incorrectas: 'Email/Documento o Contraseña incorrectos' 2. Usuario no existe: 'Usuario no registrado' 3. Usuario inactivo: 'Cuenta desactivada. Contacte administrador' 4. Rol no permitido: 'Su cuenta no tiene acceso a este portal' 5. Sesión expirada: 'Sesión expirada. Inicie sesión nuevamente' 6. Error BD: 'Error al conectar'","Ninguna","2","Contraseña almacenada con hash (bcrypt); Token válido 30 días si 'Mantener sesión' = sí; Token válido 8 horas si 'Mantener sesión' = no; Interfaz identificador único: 'Portal de Dirección'","Web"
"CU-041","Terminal de Asistente","Asistente","Seguridad","Sesión","Iniciar Sesión","usuario","Usuario no autenticado","Usuario autenticado con sesión activa","1. Pantalla login muestra: Email/Documento, Contraseña, Checkbox 'Mantener la sesión iniciada' 2. Asistente ingresa credenciales 3. Sistema valida: Email/Documento y Contraseña coinciden (hasheada) 4. SI 'Mantener sesión' marcado: token válido por 30 días 5. SI NO marcado: token válido por 8 horas (expira si inactividad) 6. Sistema crea sesión (usuario_id, interfaz='Terminal de Asistente', token, fecha_expiracion) 7. Redirige a pantalla principal: muestra módulos (Alumnos, Inscripción)","1. Credenciales incorrectas: 'Email/Documento o Contraseña incorrectos' 2. Usuario no existe: 'Usuario no registrado' 3. Usuario inactivo: 'Cuenta desactivada. Contacte administrador' 4. Rol no permitido: 'Su cuenta no tiene acceso a este terminal' 5. Sesión expirada: 'Sesión expirada. Inicie sesión nuevamente' 6. Error BD: 'Error al conectar'","Ninguna","2","Contraseña almacenada con hash (bcrypt); Token válido 30 días si 'Mantener sesión' = sí; Token válido 8 horas si 'Mantener sesión' = no; Interfaz identificador único: 'Terminal de Asistente'","Web"
"CU-042","Panel de Administración","Administrador","Seguridad","Sesión","Cerrar Sesión","usuario","Usuario autenticado en Panel de Administración","Sesión cerrada, usuario desautenticado","1. Usuario hace clic en menú → 'Cerrar Sesión' 2. Sistema muestra confirmación: '¿Desea cerrar la sesión?' [Sí/No] 3. SI 'Sí': destruye token, limpia sesión en servidor, actualiza fecha_fin en BD 4. Redirige a login: muestra 'Sesión cerrada' 5. Token destruido completamente","1. Sesión no válida: 'No hay sesión activa' 2. Error al cerrar: 'Error al cerrar sesión. Intente nuevamente' 3. Usuario cancela: Permanece en dashboard","CU-039","1","Token destruido inmediatamente; Sesión registra fecha_fin al cerrar; Logout manual disponible en cualquier momento; Interfaz identificador: 'Panel de Administración'","Web"
"CU-043","Portal de Dirección","Director","Seguridad","Sesión","Cerrar Sesión","usuario","Usuario autenticado en Portal de Dirección","Sesión cerrada, usuario desautenticado","1. Director hace clic en menú → 'Cerrar Sesión' 2. Sistema muestra confirmación: '¿Desea cerrar la sesión?' [Sí/No] 3. SI 'Sí': destruye token, limpia sesión en servidor, actualiza fecha_fin en BD 4. Redirige a login: muestra 'Sesión cerrada' 5. Token destruido completamente","1. Sesión no válida: 'No hay sesión activa' 2. Error al cerrar: 'Error al cerrar sesión. Intente nuevamente' 3. Usuario cancela: Permanece en dashboard","CU-040","1","Token destruido inmediatamente; Sesión registra fecha_fin al cerrar; Logout manual disponible en cualquier momento; Interfaz identificador: 'Portal de Dirección'","Web"
"CU-044","Terminal de Asistente","Asistente","Seguridad","Sesión","Cerrar Sesión","usuario","Usuario autenticado en Terminal de Asistente","Sesión cerrada, usuario desautenticado","1. Asistente hace clic en botón 'Cerrar Sesión' 2. Sistema muestra confirmación: '¿Está seguro?' [Sí/No] 3. SI 'Sí': destruye token, limpia sesión en servidor, actualiza fecha_fin en BD 4. Redirige a login: muestra 'Sesión cerrada' 5. Token destruido completamente","1. Sesión no válida: 'No hay sesión activa' 2. Error al cerrar: 'Error al cerrar sesión. Intente nuevamente' 3. Usuario cancela: Permanece en pantalla principal","CU-041","1","Token destruido inmediatamente; Sesión registra fecha_fin al cerrar; Logout manual disponible en cualquier momento; Interfaz identificador: 'Terminal de Asistente'","Web"